{
  "truth_values": {
    "obs_b36f2fc4": 0.6232831379045023,
    "obs_9548bfbd": 0.5144897815531496,
    "obs_5c017d3d": 0.6232831379045021,
    "obs_db02e502": -0.4128132942361912,
    "obs_b1ea3fbb": 0.5550800514408556,
    "obs_bc80c874": 0.5550800514408557,
    "obs_1a944c2e": -0.41281329423619134,
    "obs_d6966bab": 0.642388880365971,
    "obs_84844498": 0.3863420775433269,
    "obs_879308b3": 0.38634207754332694,
    "obs_5ea0be53": 0.13723954329412633,
    "obs_448b787a": 0.07027681975210891,
    "obs_d75d5952": 0.0,
    "obs_3a3066d4": 0.18757324215542953,
    "obs_971b8276": -0.11609241836518178,
    "obs_c9e65456": 0.12094779719046095,
    "obs_d68fe337": -0.4128132942361912,
    "obs_47747c81": 0.0,
    "obs_714ec94f": 0.0,
    "obs_867805fb": 0.0,
    "obs_4ba4b97c": 0.48889653847564674,
    "obs_71118993": 0.0,
    "obs_8a2eef5d": 0.5550800514408557,
    "obs_40d39697": 0.0,
    "obs_184ffb8b": -0.004464701610605817,
    "obs_c1794324": 0.1791736065295635,
    "obs_9d4c1eef": 0.0,
    "obs_142f8605": 0.0,
    "obs_a777ef7e": -0.06668036690963991,
    "obs_796c9ba9": 0.4888965384756469,
    "obs_ddd88c24": 0.03215273851006778,
    "obs_ba637e1b": 0.0,
    "obs_c144bdd7": 0.0,
    "obs_9e0868b1": 0.1791736065295635,
    "obs_796a4bc6": 0.1372395432941264,
    "obs_3e39bcee": 0.13479218895405273,
    "obs_ca611c19": 0.1372395432941264,
    "obs_edf3774a": 0.0,
    "obs_09f9e353": 0.0,
    "obs_b1504d06": 0.0,
    "obs_28b20166": -0.004464701610605984,
    "obs_319f5edf": 0.0,
    "obs_87b251de": -0.20226675655742213,
    "obs_b9c9883f": 0.27741460989628336,
    "obs_1406fc7f": 0.3740067573520307,
    "obs_f9b6f001": 0.3459078792551853,
    "obs_1c0f6191": 0.0,
    "obs_cc2fff37": 0.0,
    "obs_d3d3e29f": -0.3863420775433269,
    "obs_707b5670": -0.4048006684378898,
    "obs_7457cf9c": 0.0,
    "obs_a5f870e8": -0.2637775674231471,
    "obs_ef228bb1": 0.07802827314436639,
    "obs_03a07478": -0.3798637686752227,
    "obs_70403eb0": -0.07027681975210891,
    "obs_a7f9ead3": -0.4738069780680066,
    "obs_a597b999": 0.0,
    "obs_1e314513": -0.11609241836518172,
    "obs_f37dac27": 0.4738069780680066,
    "obs_e8685ea8": 0.0,
    "obs_f3e176b0": 0.0,
    "obs_395b4a76": -0.6232831379045023,
    "obs_f38ac5e3": 0.0,
    "obs_a0013301": -0.18757324215542936,
    "obs_10a76a2a": -0.11609241836518178,
    "obs_b85dd413": -0.48889653847564685,
    "obs_c20e54cc": 0.0,
    "obs_a4bcde56": 5.551115123125783e-17,
    "obs_ff99298b": 0.0,
    "obs_fa75a0f8": 0.0,
    "obs_b0dca05f": 0.0,
    "obs_2532fe74": 0.3372370457746365,
    "obs_61d54650": 0.0,
    "obs_ff6f9aba": 0.0,
    "obs_26790563": 0.0,
    "obs_ba46c3d3": 0.0,
    "obs_0528de45": 0.3372370457746365,
    "obs_36aba330": 0.0,
    "obs_d5844c1b": 0.0,
    "obs_bf92f15c": 0.0,
    "obs_d1e88319": -0.12094779719046095,
    "obs_8b5a525d": 0.0,
    "obs_94f74467": -0.5335676852703081,
    "obs_80db6353": 0.27741460989628336,
    "obs_c5123b46": 0.38303613153138305,
    "obs_b4b26e28": 0.0,
    "obs_a7fcac1f": 0.0,
    "obs_9d4ac2b5": 0.13723954329412633,
    "obs_e117d2fe": -0.18757324215542953
  },
  "truth_mode": "exact_statevector",
  "n_qubits": 4,
  "circuit_id": "S-ISING-4__depol_low"
}