{
  "run_id": "publication_benchmark_da2e4b58",
  "n_protocols": 3,
  "n_shots_grid": [
    5000,
    10000,
    20000
  ],
  "n_replicates": 10,
  "n_observables": 89,
  "has_ground_truth": true,
  "n_long_form_rows": 8010,
  "protocols": [
    "direct_grouped",
    "direct_optimized",
    "classical_shadows_v0"
  ],
  "protocol_summaries": {
    "direct_grouped": {
      "mean_se": 0.03784165952115926,
      "max_se": 0.03940547295236848,
      "median_se": 0.03921709975210069,
      "mean_abs_error": 0.03072715923879434,
      "max_abs_error": 0.11317829457364341
    },
    "direct_optimized": {
      "mean_se": 0.03542661673291502,
      "max_se": 0.049937616943892225,
      "median_se": 0.035255278541646014,
      "mean_abs_error": 0.028484470263689176,
      "max_abs_error": 0.12700240661836937
    },
    "classical_shadows_v0": {
      "mean_se": 0.03617091251190693,
      "max_se": 0.06871070585796657,
      "median_se": 0.036129106401557254,
      "mean_abs_error": 0.029700006633700586,
      "max_abs_error": 0.2096263934704365
    }
  }
}