{
  "run_id": "publication_benchmark_bab29456",
  "n_protocols": 3,
  "n_shots_grid": [
    5000,
    10000,
    20000
  ],
  "n_replicates": 10,
  "n_observables": 239,
  "has_ground_truth": true,
  "n_long_form_rows": 21510,
  "protocols": [
    "direct_grouped",
    "direct_optimized",
    "classical_shadows_v0"
  ],
  "protocol_summaries": {
    "direct_grouped": {
      "mean_se": 0.06344587153416383,
      "max_se": 0.06468462273531508,
      "median_se": 0.06450244067906645,
      "mean_abs_error": 0.04839037175835476,
      "max_abs_error": 0.20833333333333334
    },
    "direct_optimized": {
      "mean_se": 0.05674540673343987,
      "max_se": 0.08084520834544433,
      "median_se": 0.05517602345033738,
      "mean_abs_error": 0.044983036337819846,
      "max_abs_error": 0.208955223880597
    },
    "classical_shadows_v0": {
      "mean_se": 0.0552866457249582,
      "max_se": 0.12624019560940167,
      "median_se": 0.037556716103475635,
      "mean_abs_error": 0.0452421338303424,
      "max_abs_error": 0.3563789986720828
    }
  }
}