{
  "run_id": "publication_benchmark_cdcd7979",
  "n_protocols": 3,
  "n_shots_grid": [
    5000,
    10000,
    20000
  ],
  "n_replicates": 10,
  "n_observables": 89,
  "has_ground_truth": true,
  "n_long_form_rows": 8010,
  "protocols": [
    "direct_grouped",
    "direct_optimized",
    "classical_shadows_v0"
  ],
  "protocol_summaries": {
    "direct_grouped": {
      "mean_se": 0.03794017121255661,
      "max_se": 0.03940547295236848,
      "median_se": 0.03921709975210069,
      "mean_abs_error": 0.03257225561033403,
      "max_abs_error": 0.13075700359192594
    },
    "direct_optimized": {
      "mean_se": 0.035513050498599694,
      "max_se": 0.049937616943892225,
      "median_se": 0.03525288304552731,
      "mean_abs_error": 0.03071970908981782,
      "max_abs_error": 0.15064632198410427
    },
    "classical_shadows_v0": {
      "mean_se": 0.03617091251190693,
      "max_se": 0.06871070585796657,
      "median_se": 0.036129106401557254,
      "mean_abs_error": 0.029700006633700586,
      "max_abs_error": 0.2096263934704365
    }
  }
}