{
  "run_id": "publication_benchmark_43f8c089",
  "n_protocols": 3,
  "n_shots_grid": [
    5000,
    10000,
    20000
  ],
  "n_replicates": 10,
  "n_observables": 280,
  "has_ground_truth": true,
  "n_long_form_rows": 25200,
  "protocols": [
    "direct_grouped",
    "direct_optimized",
    "classical_shadows_v0"
  ],
  "protocol_summaries": {
    "direct_grouped": {
      "mean_se": 0.07501887778596661,
      "max_se": 0.07580856663669487,
      "median_se": 0.07560034181082877,
      "mean_abs_error": 0.05934281809968858,
      "max_abs_error": 0.25935164931038773
    },
    "direct_optimized": {
      "mean_se": 0.06668232356355237,
      "max_se": 0.09090909090909091,
      "median_se": 0.0677278890841065,
      "mean_abs_error": 0.05286200783133854,
      "max_abs_error": 0.308465419025448
    },
    "classical_shadows_v0": {
      "mean_se": 0.11382210551998034,
      "max_se": 0.46393018172511696,
      "median_se": 0.0646021826527438,
      "mean_abs_error": 0.09257186712780158,
      "max_abs_error": 1.2764031239434808
    }
  }
}