{
  "truth_values": {
    "obs_aa95c86a": 0.0,
    "obs_b6333cdc": 0.0,
    "obs_d28d6964": 0.0,
    "obs_ca102f31": 0.0,
    "obs_07c6d775": 0.0,
    "obs_fdac9d77": 0.0,
    "obs_4d79e88e": 0.0,
    "obs_09b2e221": 0.0,
    "obs_01b78ea7": 0.0,
    "obs_d9735370": 0.0,
    "obs_9b7a5c05": 0.0,
    "obs_e21890b5": 0.0,
    "obs_17d7fd28": 0.0,
    "obs_c06c29bf": 0.0,
    "obs_25793161": -0.9999999999999998,
    "obs_8a84c638": 0.0,
    "obs_a47fdc37": 0.9999999999999998
  },
  "truth_mode": "exact_statevector",
  "n_qubits": 3,
  "circuit_id": "ghz_4q"
}