{
  "run_id": "publication_benchmark_16e7bb92",
  "n_protocols": 3,
  "n_shots_grid": [
    5000,
    10000,
    20000
  ],
  "n_replicates": 10,
  "n_observables": 87,
  "has_ground_truth": true,
  "n_long_form_rows": 7830,
  "protocols": [
    "direct_grouped",
    "direct_optimized",
    "classical_shadows_v0"
  ],
  "protocol_summaries": {
    "direct_grouped": {
      "mean_se": 0.039048221960447334,
      "max_se": 0.040655781409087086,
      "median_se": 0.04064160837797769,
      "mean_abs_error": 0.03462691096695874,
      "max_abs_error": 0.12211221122112212
    },
    "direct_optimized": {
      "mean_se": 0.036787277884869324,
      "max_se": 0.050572173742417355,
      "median_se": 0.03830463630630811,
      "mean_abs_error": 0.032035596749118905,
      "max_abs_error": 0.14285714285714285
    },
    "classical_shadows_v0": {
      "mean_se": 0.03654621797733701,
      "max_se": 0.06872466945718983,
      "median_se": 0.036235363173371324,
      "mean_abs_error": 0.029240287356321844,
      "max_abs_error": 0.18225
    }
  }
}