{
  "run_id": "publication_benchmark_598e4faf",
  "n_protocols": 3,
  "n_shots_grid": [
    5000,
    10000,
    20000
  ],
  "n_replicates": 10,
  "n_observables": 89,
  "has_ground_truth": true,
  "n_long_form_rows": 8010,
  "protocols": [
    "direct_grouped",
    "direct_optimized",
    "classical_shadows_v0"
  ],
  "protocol_summaries": {
    "direct_grouped": {
      "mean_se": 0.03808599299965552,
      "max_se": 0.0412744171706498,
      "median_se": 0.041245517444127106,
      "mean_abs_error": 0.1646182957732351,
      "max_abs_error": 1.986394557823129
    },
    "direct_optimized": {
      "mean_se": 0.035131131442458934,
      "max_se": 0.05050746371826772,
      "median_se": 0.035642865438288374,
      "mean_abs_error": 0.1629904677297583,
      "max_abs_error": 1.9646586345381523
    },
    "classical_shadows_v0": {
      "mean_se": 0.036074917567963175,
      "max_se": 0.06873077913133241,
      "median_se": 0.036128655018590125,
      "mean_abs_error": 0.16668271689153102,
      "max_abs_error": 1.9877124217106446
    }
  }
}