{
  "run_id": "publication_benchmark_e4366b9a",
  "n_protocols": 3,
  "n_shots_grid": [
    5000,
    10000,
    20000
  ],
  "n_replicates": 10,
  "n_observables": 103,
  "has_ground_truth": true,
  "n_long_form_rows": 9270,
  "protocols": [
    "direct_grouped",
    "direct_optimized",
    "classical_shadows_v0"
  ],
  "protocol_summaries": {
    "direct_grouped": {
      "mean_se": 0.04510541787676086,
      "max_se": 0.04642372719338259,
      "median_se": 0.04639967433729525,
      "mean_abs_error": 0.03343146466228207,
      "max_abs_error": 0.13548387096774195
    },
    "direct_optimized": {
      "mean_se": 0.04121851527579903,
      "max_se": 0.055989251095585425,
      "median_se": 0.0424610251785955,
      "mean_abs_error": 0.03183115007415006,
      "max_abs_error": 0.1434878587196468
    },
    "classical_shadows_v0": {
      "mean_se": 0.0688022660733205,
      "max_se": 0.24451281076637887,
      "median_se": 0.03757022091572934,
      "mean_abs_error": 0.053083300970873784,
      "max_abs_error": 0.5103
    }
  }
}