{
  "run_id": "publication_benchmark_5e6ca1f8",
  "n_protocols": 3,
  "n_shots_grid": [
    5000,
    10000,
    20000
  ],
  "n_replicates": 10,
  "n_observables": 87,
  "has_ground_truth": true,
  "n_long_form_rows": 7830,
  "protocols": [
    "direct_grouped",
    "direct_optimized",
    "classical_shadows_v0"
  ],
  "protocol_summaries": {
    "direct_grouped": {
      "mean_se": 0.03944374028702783,
      "max_se": 0.04188532659580175,
      "median_se": 0.041870935838227166,
      "mean_abs_error": 0.029824667351088054,
      "max_abs_error": 0.14185639229422067
    },
    "direct_optimized": {
      "mean_se": 0.03616148833918115,
      "max_se": 0.05089848993176282,
      "median_se": 0.03594422781208805,
      "mean_abs_error": 0.02779321948251982,
      "max_abs_error": 0.1330049261083744
    },
    "classical_shadows_v0": {
      "mean_se": 0.036546217977337,
      "max_se": 0.06872466945718983,
      "median_se": 0.036235363173371324,
      "mean_abs_error": 0.029240287356321844,
      "max_abs_error": 0.18225
    }
  }
}