{
  "truth_values": {
    "obs_79e0316f": 0.41341090521590296,
    "obs_b2d30a0b": 0.413410905215903,
    "obs_1d1281ea": 0.4134109052159031,
    "obs_3572bf56": 0.413410905215903,
    "obs_dd75baf5": 0.413410905215903,
    "obs_9e88435c": 0.41341090521590307,
    "obs_e5ac436f": 0.4134109052159032,
    "obs_3f995273": 0.0,
    "obs_92ce0d8e": -0.16140271620354377,
    "obs_d11be888": -0.09764344227380847,
    "obs_ebca130d": 2.42861286636753e-17,
    "obs_5da40144": -0.028988071860291127,
    "obs_50c009a1": 0.0,
    "obs_9a2ee87c": -1.0408340855860843e-17,
    "obs_2a354ebd": 0.09397836808362413,
    "obs_8c45cec3": -0.07821760116372624,
    "obs_29924edf": 1.3877787807814457e-17,
    "obs_88882aad": -6.938893903907228e-18,
    "obs_fcc3d08d": -3.8163916471489756e-17,
    "obs_65b4252b": 0.0,
    "obs_ff46967b": -5.551115123125783e-17,
    "obs_3c6cc3eb": 6.938893903907228e-18,
    "obs_638b573d": 6.938893903907228e-18,
    "obs_e2d361c3": 4.336808689942018e-18,
    "obs_98c2e828": 0.0,
    "obs_eac6cba8": -2.688821387764051e-17,
    "obs_2216fff6": 6.938893903907228e-18,
    "obs_9bc932d5": 0.2919265817264289,
    "obs_156a3da9": 3.469446951953614e-18,
    "obs_582d3dbd": 0.07464742040574875,
    "obs_b47f9644": 6.938893903907228e-17,
    "obs_57702c8c": -0.07821760116372621,
    "obs_55872983": 0.06605083105927992,
    "obs_3cf8dd4d": 0.09764344227380836,
    "obs_70447b62": 0.0,
    "obs_93f46e18": -0.2067054526079515,
    "obs_d0dcc71f": 1.3877787807814457e-17,
    "obs_cbe50064": 1.5612511283791264e-17,
    "obs_fc46ce18": -3.469446951953614e-18,
    "obs_46157988": 0.0,
    "obs_0b260e45": 0.012473189135097363,
    "obs_007295b8": 0.2871667130522011,
    "obs_bfa6a9ad": 0.0,
    "obs_5343585e": -5.551115123125783e-17,
    "obs_56052ed8": 0.0,
    "obs_08ad031b": -0.06375927392973538,
    "obs_f3b3c3f5": 0.011674016830982573,
    "obs_5ce2006f": 0.08522112911847726,
    "obs_913a3313": -1.734723475976807e-18,
    "obs_ff88d810": -0.05523269137431881,
    "obs_4da31bb4": -2.6020852139652106e-18,
    "obs_c3503fe0": -0.06783861620952059,
    "obs_00b29f6a": 0.32192466861991154,
    "obs_37ba4bc1": 0.0,
    "obs_1594b1aa": 0.0,
    "obs_93ac3e7d": -0.08425504761993187,
    "obs_78adea3b": 0.0,
    "obs_5ded9b43": 3.469446951953614e-18,
    "obs_d9dc84e2": 0.0,
    "obs_0342506b": 1.734723475976807e-18,
    "obs_fe79b2f1": 0.037019129282631784,
    "obs_5b3dfb92": 0.0,
    "obs_9c3d46a9": 6.765421556309548e-17,
    "obs_a37396a3": 3.469446951953614e-18,
    "obs_7d3f5658": 0.0,
    "obs_eebef171": 0.2919265817264288,
    "obs_884ceb23": 0.0,
    "obs_34a00b73": 6.938893903907228e-18,
    "obs_0ce7572d": 0.0,
    "obs_33c29a4d": 6.938893903907228e-18,
    "obs_417ce6b0": 0.0,
    "obs_9d60a13d": 0.0,
    "obs_22457c58": 0.41341090521590307,
    "obs_ed562dda": 6.938893903907228e-18,
    "obs_0aa2b1de": -0.030287043722649253,
    "obs_b92ce1df": 0.146362636403898,
    "obs_1f875a60": 0.09397836808362413,
    "obs_ed65b01b": -5.551115123125783e-17,
    "obs_b45a7b92": -0.06090834812818176,
    "obs_93a47544": 2.0816681711721685e-17,
    "obs_237e8ad0": 6.938893903907228e-18,
    "obs_e037d741": -0.042727144137858115,
    "obs_ac91029d": -0.07821760116372621,
    "obs_6f2ce45c": 0.29192658172642877,
    "obs_7071de90": 0.09397836808362417,
    "obs_41f05ef5": 0.0,
    "obs_ad96dff8": -5.204170427930421e-18,
    "obs_c1987ddc": -3.469446951953614e-18,
    "obs_c4487829": 6.938893903907228e-18,
    "obs_eeead41b": 1.734723475976807e-18,
    "obs_ea8a64ad": -1.3877787807814457e-17,
    "obs_bba06aa9": 0.09959379867594341,
    "obs_c0357fb8": 0.08522112911847733,
    "obs_28b8dd5e": 0.0,
    "obs_ec69c648": 0.0,
    "obs_4af4694f": -0.05523269137431885,
    "obs_7ab7ece0": 0.01167401683098257,
    "obs_c15ccab3": -3.903127820947816e-17,
    "obs_b7b63055": 0.0,
    "obs_f8aafbf9": -0.031099857941064797,
    "obs_d1572237": -0.055200333272955426,
    "obs_3e3fef87": 1.0408340855860843e-17,
    "obs_eb4f5dbe": -0.1463626364038979,
    "obs_cb2d608a": -0.18920062382698213,
    "obs_4914331d": -5.551115123125783e-17,
    "obs_3da5d87c": 0.0,
    "obs_25a824c1": -0.18920062382698222,
    "obs_a1ec0d77": -0.0939783680836241,
    "obs_a6d61405": 1.3877787807814457e-17,
    "obs_2f9b674c": -2.6020852139652106e-18,
    "obs_86f68831": -0.05523269137431885,
    "obs_8506cbd5": 0.0,
    "obs_806e76b4": 0.29192658172642894,
    "obs_7f0cdc98": 0.0,
    "obs_e2b46526": 1.734723475976807e-18,
    "obs_cabfb7ae": 0.03910880058186316,
    "obs_ba954e2d": 0.1452788254110881,
    "obs_d3a91d49": -4.336808689942018e-18,
    "obs_fdcf0974": -0.14636263640389788,
    "obs_744290c4": 0.027434783750880494,
    "obs_939bd37d": 0.0,
    "obs_df308847": 0.0,
    "obs_bcf3cb9d": 3.469446951953614e-18,
    "obs_65fd4e46": 0.038745676709305336,
    "obs_88d0889d": 0.12068563240810719,
    "obs_7e8d1b63": 8.673617379884035e-19,
    "obs_d6344024": -0.41341090521590307,
    "obs_2d0283c2": 0.023323686921421862,
    "obs_924ff91b": 0.26704826881200516,
    "obs_69cc6017": 0.0,
    "obs_10c1ad57": 6.938893903907228e-18,
    "obs_89b54005": -0.20670545260795162,
    "obs_57ff239b": -1.734723475976807e-18,
    "obs_1472a42e": -0.08266747512519934,
    "obs_d4b1cf21": 0.0,
    "obs_e760aac9": 6.938893903907228e-18,
    "obs_d21130a2": 0.0,
    "obs_21f1f390": 5.898059818321144e-17,
    "obs_8158b562": 1.734723475976807e-17,
    "obs_57666da0": -5.204170427930421e-18,
    "obs_4aadce47": 4.336808689942018e-18,
    "obs_cd1ab901": 0.060342816204053615,
    "obs_8d681396": -6.938893903907228e-18,
    "obs_81b903df": -0.05523269137431887,
    "obs_085b1d12": 7.806255641895632e-18,
    "obs_09097f3b": 1.0408340855860843e-17,
    "obs_620f7dad": 0.09397836808362404,
    "obs_18c365c1": -3.903127820947816e-18,
    "obs_a0ca4f4c": -1.734723475976807e-18,
    "obs_b5cb24e8": 0.1463626364038979,
    "obs_72a23fdd": -6.938893903907228e-18,
    "obs_9bac6403": -0.055232691374318764,
    "obs_ec0a35b8": 0.08545428827571618,
    "obs_a5e33963": -0.011674016830982585,
    "obs_4f9927bf": -0.031099857941064766,
    "obs_6b4c7235": -0.413410905215903,
    "obs_684adc9d": 8.673617379884035e-19,
    "obs_85bbbbab": 0.0310998579410648,
    "obs_aa4d439c": 0.291926581726429,
    "obs_dd4706eb": 2.42861286636753e-17,
    "obs_2001f204": 7.112366251504909e-17,
    "obs_9be6ff98": 0.14457201670353162,
    "obs_374c6300": -3.469446951953614e-18,
    "obs_c2d3bb15": -3.469446951953614e-18,
    "obs_7a186a22": -7.806255641895632e-18,
    "obs_72112cf7": -3.469446951953614e-18,
    "obs_57988e2e": 0.26704826881200516,
    "obs_b6326531": 1.214306433183765e-17,
    "obs_ed831e7e": 0.14636263640389785,
    "obs_7cb2b898": 0.16287751912909165,
    "obs_044bab00": -0.08266747512519934,
    "obs_eae19cc0": 0.0,
    "obs_bad89a9d": -0.23348324594474393,
    "obs_3786d2a3": -5.204170427930421e-18,
    "obs_360b1eb8": -0.14636263640389788,
    "obs_0a1bde63": 0.09397836808362411,
    "obs_a81cce54": 0.0,
    "obs_6af1bd48": -2.6020852139652106e-18,
    "obs_2db85ac9": -0.016514882725193702,
    "obs_39ac2f8a": -1.734723475976807e-17,
    "obs_d98abd23": 3.469446951953614e-18,
    "obs_50764085": 1.3877787807814457e-17,
    "obs_9f4d5891": 6.938893903907228e-18,
    "obs_c79b3d7d": 0.2919265817264288,
    "obs_3101be25": 0.0,
    "obs_9258ebd3": -1.734723475976807e-18,
    "obs_d781cb04": -0.01683069950001219,
    "obs_fa1f4ab4": 0.14802895766902774,
    "obs_7a09a982": -1.3877787807814457e-17,
    "obs_258d52ae": 0.1463626364038979,
    "obs_cc005ff6": 0.0,
    "obs_61da36ec": -3.469446951953614e-18,
    "obs_6b1b0ec4": 0.14636263640389796,
    "obs_11cd027f": 0.29192658172642894,
    "obs_c146a239": -0.18908978054175607,
    "obs_7e2489c0": 6.938893903907228e-18,
    "obs_4aebeae5": 0.0,
    "obs_32800d99": 0.13388944726880056,
    "obs_fe7808c2": 6.938893903907228e-18,
    "obs_0ac8ff77": -1.734723475976807e-18,
    "obs_527cdc4c": -0.17257489781656227,
    "obs_02d9a726": -3.469446951953614e-18,
    "obs_f61e7005": 0.0,