{
  "run_id": "publication_benchmark_a8a61f49",
  "n_protocols": 3,
  "n_shots_grid": [
    5000,
    10000,
    20000
  ],
  "n_replicates": 10,
  "n_observables": 89,
  "has_ground_truth": true,
  "n_long_form_rows": 8010,
  "protocols": [
    "direct_grouped",
    "direct_optimized",
    "classical_shadows_v0"
  ],
  "protocol_summaries": {
    "direct_grouped": {
      "mean_se": 0.038084452144789345,
      "max_se": 0.0412744171706498,
      "median_se": 0.041245517444127106,
      "mean_abs_error": 0.1645838999924509,
      "max_abs_error": 1.986394557823129
    },
    "direct_optimized": {
      "mean_se": 0.0352633335897161,
      "max_se": 0.050572173742417355,
      "median_se": 0.03570776500518396,
      "mean_abs_error": 0.16341409190756262,
      "max_abs_error": 1.9629629629629628
    },
    "classical_shadows_v0": {
      "mean_se": 0.03607491756796318,
      "max_se": 0.06873077913133241,
      "median_se": 0.036128655018590125,
      "mean_abs_error": 0.16668271689153102,
      "max_abs_error": 1.9877124217106446
    }
  }
}