{
  "truth_values": {
    "obs_b36f2fc4": 0.6457817274064929,
    "obs_879308b3": 0.3906918705988566,
    "obs_d6966bab": 0.24915029253273124,
    "obs_9548bfbd": 0.6493366237146084,
    "obs_84844498": 0.45545280446197417,
    "obs_5c017d3d": 0.6856865718685058,
    "obs_db02e502": 0.4311862178478974,
    "obs_47747c81": 0.21650635094610965,
    "obs_9d4c1eef": 0.03972965564947267,
    "obs_b1ea3fbb": 0.2850298707696919,
    "obs_ff6f9aba": 0.10825317547305495,
    "obs_26790563": 0.24368621784789718,
    "obs_bc80c874": 0.35825317547305496,
    "obs_7457cf9c": 0.15309310892394867,
    "obs_bf92f15c": 0.37051270189221935,
    "obs_1a944c2e": 0.4618065660663288,
    "obs_142f8605": 0.21650635094610976,
    "obs_a4bcde56": 0.5498724356957946,
    "obs_3e7c1bf9": -0.013208573068915135,
    "obs_05b30762": 0.034406891076051396,
    "obs_53c0949d": -0.004715362565435248,
    "obs_03ff31ce": -0.21121721128171686,
    "obs_d68fe337": 0.016903891494748496,
    "obs_6dfae44e": 0.07588135094610968,
    "obs_f76de57f": 0.30835341450373427,
    "obs_7bf68a4d": 0.037560847902653294,
    "obs_c6ca5d45": 0.06526227969154505,
    "obs_f20b99ef": 0.10825317547305487,
    "obs_9881416c": -0.08838834764831849,
    "obs_61d54650": -0.12123765904957058,
    "obs_37713f9a": -0.10621810892394871,
    "obs_796a4bc6": -0.19788307486041923,
    "obs_ca611c19": 0.13337341226347266,
    "obs_2c42b86d": -0.04494180692253209,
    "obs_31aea72d": -0.029817965544518002,
    "obs_c88276b7": 0.1456752203084551,
    "obs_25b51ee2": 0.14748114234103,
    "obs_58f337f6": 0.09107923187638663,
    "obs_a2dae311": 0.14642020931804198,
    "obs_b1504d06": 0.01676897030845505,
    "obs_a7825e32": -0.12148836138450636,
    "obs_11ff43a3": 0.36833147030845514,
    "obs_c144bdd7": 0.3868654129379868,
    "obs_b85dd413": 0.3506924097679438,
    "obs_e8685ea8": 0.34494839449505266,
    "obs_997d4453": 0.24526466338592293,
    "obs_e70c5fbc": -0.11982212738836122,
    "obs_ba5caca5": 0.11095344553802561,
    "obs_5e217551": 0.05916391572543109,
    "obs_38165bf0": 0.1741104005605327,
    "obs_a5772917": -0.08703513281954879,
    "obs_259cedc0": 0.19971721447381932,
    "obs_d70da1bc": -0.028639735276644984,
    "obs_4470d13c": 0.028531118146445364,
    "obs_27324535": 0.2386758613845065,
    "obs_4d3ed754": 0.07879767721955538,
    "obs_f9b6f001": 0.2047506831308663,
    "obs_96ec7086": 0.13825733169296156,
    "obs_f38ac5e3": 0.3405931089239488,
    "obs_edf3774a": 0.3768272338030938,
    "obs_bf1aec14": -0.009932413912368196,
    "obs_cc2fff37": 0.06387311482498645,
    "obs_09f9e353": 0.14870337321488877,
    "obs_60d06bc3": -0.40206329386826367,
    "obs_9441c744": 0.5137008947155128,
    "obs_c022ce9f": 0.13135061571512702,
    "obs_d5844c1b": 0.12041784847276635,
    "obs_d3d3e29f": 0.0989259075835853,
    "obs_4ba4b97c": -0.08838834764831852,
    "obs_cfc13930": 0.13607171730039014,
    "obs_f4e25dda": 0.12806488160479113,
    "obs_40d39697": 0.014898620868552263,
    "obs_89bd45fb": -0.030689087736527426,
    "obs_e473f0c5": -0.09000441643933617,
    "obs_eaee605a": -0.011230341641752406,
    "obs_5fe95713": 0.1184364337761719,
    "obs_40ed2eba": -0.04127842776960581,
    "obs_b737bde4": 0.06017219553802575,
    "obs_7fbb2029": 0.16709512577501762,
    "obs_37e653db": -0.054126587736527405,
    "obs_a5f870e8": 0.04407599161009759,
    "obs_06f81318": 0.12747026896213443,
    "obs_ad1fc3a8": 0.26504411368788566,
    "obs_df8f143d": 0.04257413861549363,
    "obs_1c7c495f": -0.11545164151658224,
    "obs_181f3284": 0.17677669529663695,
    "obs_89c70835": 0.2853133169678032,
    "obs_e09f079b": 0.22672969269355106,
    "obs_738d4f1b": -0.05128745680070976,
    "obs_971b8276": -0.1134919767535858,
    "obs_0528de45": 0.4683155247704294,
    "obs_f37dac27": -0.11800824945246217,
    "obs_18cf84d7": 0.4121008908476087,
    "obs_a4978508": 0.09998405446197436,
    "obs_1406fc7f": -0.19077446907817625,
    "obs_5b89609a": 0.18753589468736642,
    "obs_a1d8bfd6": 0.1823715078384841,
    "obs_b2eeba04": 0.17674784653873388,
    "obs_305c7862": 0.3469645954372653,
    "obs_03a07478": 0.1535023032253027,
    "obs_9824f9f2": 0.10621810892394855,
    "obs_0fee93a5": 0.4211681225612761,
    "obs_714ec94f": 0.03431488160479111,
    "obs_3fef0360": 0.11912069307746798,
    "obs_10a76a2a": 0.17317746227487335,
    "obs_d2d3ebb0": -0.14180883415351925,
    "obs_10f9390d": 0.10253091596753042,
    "obs_fed69c74": 0.029859606692268954,
    "obs_89add4e9": -0.2790063509461098,
    "obs_ddd88c24": 0.30996630524475255,
    "obs_2b68cde7": 0.49368621784789735,
    "obs_9d4ac2b5": 0.11095344553802577,
    "obs_7c03a33b": 0.16963135094610962,
    "obs_7767810f": 0.08396444307746792,
    "obs_3d16363f": -0.025164744980600853,
    "obs_1c0f6191": 0.23551897030845506,
    "obs_43159aa9": 0.16449384008286394,
    "obs_83c5796b": -0.481671393891065,
    "obs_df63c678": -0.09116509407817618,
    "obs_7b3c512f": 0.12612391838649872,
    "obs_d1ecbba4": -0.11540130596818127,
    "obs_448b787a": 0.2997671037275967,
    "obs_1b574bf0": 0.020305889852165318,
    "obs_b936f9bd": 0.017133626998903626,
    "obs_9fed2503": 0.15802111321164258,
    "obs_87b251de": 0.36297106845433474,
    "obs_3a3066d4": 0.11266883700443636,
    "obs_3b05eb1f": 0.061752732430011656,
    "obs_6116feec": 0.3350462532513396,
    "obs_309f9a03": -0.15309310892394867,
    "obs_d4f1acbf": 0.36895370024332375,
    "obs_395b4a76": -0.2676457874837381,
    "obs_a7a3f3eb": -0.01201073815409634,
    "obs_a7f9ead3": 0.09375000000000006,
    "obs_a7fcac1f": 0.016746824526945217,
    "obs_02f33b99": -0.008729036224484343,
    "obs_78438fa1": 0.36522589084760865,
    "obs_c112363f": -0.2816047475394423,
    "obs_71118993": 0.012550538506456765,
    "obs_b4b26e28": 0.354639663385923,
    "obs_fa62cd4c": 0.09000616597348768,
    "obs_b82d4556": 0.08059526896213441,
    "obs_2880903a": -0.06916852969154502,
    "obs_41e41684": 0.45957194803967605,
    "obs_6d05652e": -0.11296853803849016,
    "obs_b3f1d11a": 0.4015452982547874,
    "obs_2d79eee9": 0.1082531754730549,
    "obs_f3e176b0": -0.45154655446197434,
    "obs_1e314513": 0.105519227604214,
    "obs_481854f8": 0.2957531754730549,
    "obs_b811ee92": 0.2253622439500413,
    "obs_3a59c4d1": -0.10779655446197436,
    "obs_eb7b2086": 0.07184494080239567,
    "obs_61ee1d04": 0.11905087453834584,
    "obs_e8b187f9": 0.055476722769012846,
    "obs_8a2eef5d": 0.2025330829232405,
    "obs_06097e7e": 0.3835105776282709,
    "obs_5ea0be53": -0.059783836780370844,
    "obs_c20e54cc": -0.2011786068781899,
    "obs_e746a879": 0.14383070750369126,
    "obs_38237979": 0.28728674876972127,
    "obs_ef228bb1": 0.029017955603164496,
    "obs_80db6353": -0.1045285202559167,
    "obs_5ba8c26d": -0.07642086718684397,
    "obs_d07e3f6b": 0.2469180334453882,
    "obs_28b20166": 0.07924682452694524,
    "obs_16e5113f": 0.378989571397093,
    "obs_2532fe74": 0.07578261262117816,
    "obs_796c9ba9": -0.25000000000000006,
    "obs_b0902d5f": 0.6747349257711377,
    "obs_9e0868b1": 0.06877436421433089,
    "obs_a89519a3": 0.06312062075433095,
    "obs_a777ef7e": 0.11095344553802572,
    "obs_e26912b0": 0.06080151211073699,
    "obs_21f823d7": 0.11338481132888469,
    "obs_e671fc47": 0.5996025289299433,
    "obs_b7c4d8b7": -0.0860561082860897,
    "obs_4feb33d8": -0.22190689107605135,
    "obs_3181030b": -0.05547672276901295,
    "obs_ba637e1b": 0.15219650490646527,
    "obs_8e653cb5": 0.16169483169296148,
    "obs_964d4d53": -0.13746810892394865,
    "obs_9100eb08": -0.13427521142424503,
    "obs_b0dca05f": 0.06781882927869488,
    "obs_f2ee918e": 0.3734182184180104,
    "obs_94f74467": 0.4148784443733286,
    "obs_b79a992d": 0.16957822925310959,
    "obs_412fe62f": -0.15303811660950994,
    "obs_ba46c3d3": 0.07175915647392057,
    "obs_b9af6144": 0.18047672276901283,
    "obs_3e39bcee": -0.006847742440858062,
    "obs_319f5edf": -0.3345259658793601,
    "obs_41f93408": 0.2296396633859229,
    "obs_c9e65456": -0.08392382947363212,