{
  "run_id": "publication_benchmark_a18ad9ae",
  "n_protocols": 3,
  "n_shots_grid": [
    100,
    200,
    1000
  ],
  "n_replicates": 10,
  "n_observables": 237,
  "has_ground_truth": true,
  "n_long_form_rows": 21330,
  "protocols": [
    "direct_grouped",
    "direct_optimized",
    "classical_shadows_v0"
  ],
  "protocol_summaries": {
    "direct_grouped": {
      "mean_se": 0.2843523221255006,
      "max_se": 0.30151134457776363,
      "median_se": 0.2972941950052816,
      "mean_abs_error": 0.21302053031130863,
      "max_abs_error": 0.8733721192746181
    },
    "direct_optimized": {
      "mean_se": 0.253550742907625,
      "max_se": 0.40406101782088427,
      "median_se": 0.24393468845452249,
      "mean_abs_error": 0.21145949597607008,
      "max_abs_error": 1.0
    },
    "classical_shadows_v0": {
      "mean_se": 0.2421766124835342,
      "max_se": 0.8050234623910038,
      "median_se": 0.18110339312116713,
      "mean_abs_error": 0.19609653823938328,
      "max_abs_error": 1.607021631916376
    }
  }
}