{
  "truth_values": {
    "obs_5fe0a90c": 0.24509934871497557,
    "obs_77d234b5": 0.0,
    "obs_d75a121b": 1.734723475976807e-18,
    "obs_52689870": 0.0,
    "obs_51d4ddbe": 3.469446951953614e-18,
    "obs_76fba507": -3.469446951953614e-18,
    "obs_c5dcf8ed": 0.0,
    "obs_f145fe8d": 0.10121360018120024,
    "obs_ecae6a6a": -0.07114062371753499,
    "obs_27ebdb6e": -0.02001392656083899,
    "obs_a3e1d86d": 0.0626889945538529,
    "obs_cd0c88d2": 0.0,
    "obs_930928af": -0.033383024698308304,
    "obs_cfb390b6": 0.2528755344659289,
    "obs_04c43261": -1.3877787807814457e-17,
    "obs_0a47d453": -6.938893903907228e-18,
    "obs_cf4ac619": 0.023292633774899707,
    "obs_e42ae4cb": -2.7755575615628914e-17,
    "obs_4f50dd06": -0.041037944304634665,
    "obs_3aeb2bbb": -0.15822441801062365,
    "obs_b0d595bd": 1.3877787807814457e-17,
    "obs_110d9190": 0.0,
    "obs_18aabcab": -0.08200076356911068,
    "obs_0be5163e": 0.0,
    "obs_89901fee": -2.0816681711721685e-17,
    "obs_922465bb": 0.08190065207380556,
    "obs_1932c90a": 0.5705546553616003,
    "obs_920eca39": 0.0,
    "obs_34ce4775": 0.0,
    "obs_a889468a": 0.04032770951483535,
    "obs_a13746c4": 0.05793514024223092,
    "obs_093846a2": 0.0,
    "obs_0e9ef391": 0.22950398959725787,
    "obs_4a9f3f3b": -0.27129592655843354,
    "obs_5e2b545f": 0.0,
    "obs_c61743e9": -1.3877787807814457e-17,
    "obs_6c3db3a2": 0.0,
    "obs_3466c82f": 1.3877787807814457e-17,
    "obs_58aafd91": 5.204170427930421e-18,
    "obs_f98a913e": 3.469446951953614e-18,
    "obs_885e026b": 3.469446951953614e-18,
    "obs_9212ac68": 0.0,
    "obs_9aeeb73a": 1.734723475976807e-18,
    "obs_c2188973": 0.2778136693187119,
    "obs_1a4a5e92": -1.3877787807814457e-17,
    "obs_519b050d": 0.2567700513984885,
    "obs_f17f2ff2": 0.10997851412235508,
    "obs_34033211": -0.11865111640286335,
    "obs_737c2e85": -5.204170427930421e-18,
    "obs_fc6b77e7": 0.09430110172819667,
    "obs_78c42832": 0.0,
    "obs_fbc7a73c": -0.09274963170426692,
    "obs_640eae73": -0.21461658679233997,
    "obs_15cbab27": -1.214306433183765e-17,
    "obs_73b58fb8": 0.0,
    "obs_974499bd": 0.0,
    "obs_bc513e08": 0.5485011953373807,
    "obs_21fc39ca": -2.7755575615628914e-17,
    "obs_6b2775a6": 0.0,
    "obs_9dff85b8": 0.3117524251429154,
    "obs_7abd95a1": 0.03893708820230574,
    "obs_3230adfe": 0.28112806825014747,
    "obs_bbc929d6": -0.41281329423619095,
    "obs_79f7e704": 0.1425283307003322,
    "obs_c19df252": -0.023054774238691678,
    "obs_f6c65a12": 0.05751826945807552,
    "obs_9bf24b3f": 0.0,
    "obs_d55c95fe": 0.0,
    "obs_936bc395": 0.030341330312651453,
    "obs_79bb7ddf": 0.5705546553616003,
    "obs_89bebd26": -3.469446951953614e-18,
    "obs_518b3992": -0.07094494788068804,
    "obs_f6de840d": 0.0,
    "obs_32c23f91": -0.015868245080001286,
    "obs_bdf86771": -0.08323400672438012,
    "obs_9ff61c35": -1.734723475976807e-18,
    "obs_fbc92d5c": 0.006442588727509883,
    "obs_a6efc773": -0.3660114306916366,
    "obs_362759d9": 0.0,
    "obs_f32d0205": 0.20181944855993733,
    "obs_a8d9bf9c": 0.0937625685109306,
    "obs_8acc0aeb": 0.22074793531903272,
    "obs_862d5c95": 1.3877787807814457e-17,
    "obs_4ae7c16e": -0.12280859428978108,
    "obs_4f4bef4a": -2.7755575615628914e-17,
    "obs_d8c352f8": 0.01885842139435607,
    "obs_fa77c4c5": -0.11247701554636232,
    "obs_d4cb9aa8": 0.05636055320698159,
    "obs_87cc3c8a": 1.3877787807814457e-17,
    "obs_c2baba54": -1.734723475976807e-18,
    "obs_1398a4c1": 0.0,
    "obs_b8d58502": 0.5485011953373804,
    "obs_84f048ba": 0.0,
    "obs_4d567b0a": 2.6020852139652106e-18,
    "obs_f300b6f5": 1.734723475976807e-17,
    "obs_684ad5f2": 0.0,
    "obs_eb5856af": 6.938893903907228e-18,
    "obs_80192c9e": 0.0,
    "obs_c94097b7": 0.0,
    "obs_41b12999": 0.0
  },
  "truth_mode": "exact_statevector",
  "n_qubits": 6,
  "circuit_id": "S-ISING-6__stress_random_1000"
}