{
  "truth_values": {
    "obs_b3f1d11a": 0.9999999999999998,
    "obs_c022ce9f": 0.9999999999999998,
    "obs_181f3284": 0.9999999999999998,
    "obs_142f8605": 0.0,
    "obs_55ad10a1": 0.0,
    "obs_bf92f15c": 0.0,
    "obs_bf1aec14": 0.0,
    "obs_a7f9ead3": 0.0,
    "obs_f20b99ef": 0.0,
    "obs_c5123b46": 0.0,
    "obs_a73aa0db": 0.0,
    "obs_879308b3": 0.9999999999999998,
    "obs_06f81318": 0.0,
    "obs_edf3774a": 0.0,
    "obs_d6966bab": 0.9999999999999998,
    "obs_2880903a": 0.0,
    "obs_a4bcde56": 0.0,
    "obs_18cf84d7": 0.0,
    "obs_7457cf9c": 0.0,
    "obs_1a944c2e": 0.0,
    "obs_707b5670": 0.0,
    "obs_d68fe337": 0.0,
    "obs_a777ef7e": 0.0,
    "obs_9d4ac2b5": 0.0,
    "obs_bc80c874": 0.0,
    "obs_ba28866a": 0.0,
    "obs_1406fc7f": 0.0
  },
  "truth_mode": "exact_statevector",
  "n_qubits": 4,
  "circuit_id": "circuit"
}