{
  "truth_values": {
    "obs_1660e08e": 0.41341090521590296,
    "obs_3290a184": 0.41341090521590285,
    "obs_eb56b9f9": 0.4134109052159028,
    "obs_7379b3d9": 0.413410905215903,
    "obs_659c6412": 0.41341090521590296,
    "obs_f3ddb314": 0.0,
    "obs_10a7bf10": 0.0,
    "obs_452e447d": 0.32192466861991137,
    "obs_7d9cc259": 3.469446951953614e-18,
    "obs_db741892": 0.2919265817264287,
    "obs_931d75d7": 0.0,
    "obs_0ba4d5a2": 0.2919265817264286,
    "obs_4bf2b5a6": 0.0,
    "obs_70c1f51a": 0.0,
    "obs_c273b8d4": 0.0,
    "obs_76aafc07": -3.469446951953614e-18,
    "obs_efd9ca4c": 0.0,
    "obs_5b521748": -0.18920062382698202,
    "obs_296c5bdb": 0.10653314870178283,
    "obs_c4df9143": -0.5013679656656196,
    "obs_c31cc027": 0.41341090521590285,
    "obs_03495534": 0.0,
    "obs_7de14bc8": -1.3877787807814457e-17,
    "obs_852fccbd": 0.0,
    "obs_04dcc354": -0.18920062382698205,
    "obs_7be56dc3": 0.23431969685361462,
    "obs_ac443ac1": 0.0,
    "obs_2ee93412": 0.0,
    "obs_9567d577": -0.20670545260795148,
    "obs_3254359a": 0.0,
    "obs_6aa2e257": 0.29192658172642877,
    "obs_5216eda5": -3.469446951953614e-18,
    "obs_70c03995": -6.938893903907228e-17,
    "obs_84e6a005": 0.0,
    "obs_df2f4b72": 0.0,
    "obs_d0e15c68": 0.14636263640389804,
    "obs_02a3f16d": -2.7755575615628914e-17,
    "obs_09bc4409": 2.7755575615628914e-17,
    "obs_49eaee43": 0.14636263640389796,
    "obs_5d98762e": 1.3877787807814457e-17,
    "obs_be3955d5": -1.1102230246251565e-16,
    "obs_74382281": 0.0,
    "obs_e725cce2": 0.0,
    "obs_2e8eff99": 0.06034281620405359,
    "obs_f8e8f765": 0.3726210013279172,
    "obs_0db43906": 2.7755575615628914e-17,
    "obs_2199acd7": 0.0,
    "obs_33f5efb7": -6.938893903907228e-18,
    "obs_177dfe15": 1.734723475976807e-18,
    "obs_d7b0e25b": -6.938893903907228e-18,
    "obs_5bae7028": 0.0,
    "obs_bde48bcd": 0.2919265817264287,
    "obs_e505bdca": 0.06034281620405352,
    "obs_befbfc5f": 0.0852211291184773,
    "obs_97ed890f": 0.0,
    "obs_446d5d36": -0.4134109052159028,
    "obs_20b9c725": 0.08522112911847719,
    "obs_db325b27": 0.0,
    "obs_2f8f7143": -0.20051151678540685,
    "obs_414fcc71": 0.0,
    "obs_797c2cdd": 0.0,
    "obs_86840c46": 0.0,
    "obs_4fa38094": 0.0,
    "obs_4a84c7d4": 0.0,
    "obs_35180b1a": 0.0,
    "obs_b45b661e": 0.09397836808362406,
    "obs_b128346b": -6.938893903907228e-18,
    "obs_66d94647": -0.33545241694565375,
    "obs_2830f122": 3.469446951953614e-18,
    "obs_8554f578": 0.2919265817264287,
    "obs_12965ed5": 0.0,
    "obs_4c206c95": -0.1892006238269821,
    "obs_ce7a63c3": 0.09397836808362409,
    "obs_5fe0906e": 0.06034281620405363,
    "obs_be6b20a0": -0.18920062382698205,
    "obs_f8e0d2ac": 0.03874567670930531,
    "obs_631a0537": 0.0852211291184772,
    "obs_7ddfd988": 0.060342816204053656,
    "obs_6086d601": 0.0,
    "obs_37d1a960": 0.0,
    "obs_6461a3e7": 6.938893903907228e-18,
    "obs_6f34987a": -0.33545241694565386,
    "obs_9774f931": 0.0,
    "obs_9b3d4066": -2.7755575615628914e-17,
    "obs_ef8864de": 0.0,
    "obs_b377fd04": 0.0,
    "obs_04283883": 0.4134109052159028,
    "obs_e91c837d": 3.469446951953614e-18,
    "obs_2db10732": 0.0,
    "obs_6b46da84": 0.26704826881200505,
    "obs_44d7d678": 6.938893903907228e-18,
    "obs_30c90809": 0.038745676709305316,
    "obs_c8ab859c": -0.1287469643377023,
    "obs_99d97b44": 0.29192658172642866,
    "obs_859b742c": 0.32192466861991137,
    "obs_37635703": 6.938893903907228e-18,
    "obs_750cc779": 0.0,
    "obs_4f0d4bf6": -6.938893903907228e-18,
    "obs_67c1c0b2": -0.23431969685361465,
    "obs_87eda1d9": -0.189200623826982,
    "obs_237a0e7b": 0.09397836808362406,
    "obs_c496875d": -0.33545241694565375,
    "obs_bcdf060e": 2.7755575615628914e-17,
    "obs_63649476": 0.0,
    "obs_4dace572": 0.0,
    "obs_4f51cff8": -0.267048268812005,
    "obs_c26fc2aa": 0.0,
    "obs_839bcb0d": 0.0,
    "obs_7c263ee5": 0.0,
    "obs_a9b22f08": 0.0,
    "obs_26c0e691": -6.938893903907228e-18,
    "obs_17f973d4": 6.938893903907228e-18,
    "obs_82e9c1ea": -0.12874696433770227,
    "obs_97e5061f": 0.0852211291184772,
    "obs_8ab7da32": -6.938893903907228e-18,
    "obs_66b0df16": 0.0,
    "obs_f27e1a64": 0.0,
    "obs_1bf82fd6": 0.1890897805417559,
    "obs_fdcf0ff2": -0.26704826881200494,
    "obs_c4cc49e6": 0.0,
    "obs_eb430345": 0.03874567670930523,
    "obs_113abd25": -0.18920062382698205,
    "obs_08c6a0ac": 0.0,
    "obs_079e048d": 0.0,
    "obs_1a6ef20d": 0.0,
    "obs_60a469a1": -0.283178991910606,
    "obs_20d35068": 0.3726210013279173,
    "obs_71c0ef5b": -0.41341090521590285,
    "obs_f06ac07c": 0.0,
    "obs_f6e71cb1": 0.0,
    "obs_5c899d26": 0.2067054526079515,
    "obs_cfacb5ed": 1.3877787807814457e-17,
    "obs_08ce5bbd": 0.1890897805417559,
    "obs_86db3688": 1.3877787807814457e-17,
    "obs_05ad4f89": -0.2831789919106061,
    "obs_39c0ca9e": 0.09397836808362404,
    "obs_53792e4a": 0.0,
    "obs_31778f93": 0.10653314870178271,
    "obs_78b39e8e": 0.9999999999999998,
    "obs_c1d3bc37": 1.3877787807814457e-17,
    "obs_80bbb703": -2.7755575615628914e-17,
    "obs_a8975680": 0.0,
    "obs_69564b57": 0.0,
    "obs_157cf3eb": -1.3877787807814457e-17,
    "obs_153ead24": -1.3877787807814457e-17,
    "obs_50bf1627": 0.2005115167854069,
    "obs_64550a32": 0.14636263640389793,
    "obs_ed48578b": -2.7755575615628914e-17,
    "obs_fa6c4a06": 0.0,
    "obs_2f581102": -6.938893903907228e-18,
    "obs_d33e243d": -0.12874696433770227,
    "obs_5e46566a": 0.0,
    "obs_40bb75a0": 0.0,
    "obs_48253eb7": -0.28317899191060614,
    "obs_24221f38": 0.0,
    "obs_2c54f6a1": 0.0,
    "obs_0cdae1e5": -0.18920062382698205,
    "obs_60e91c8b": 0.0,
    "obs_1a6b30f7": -0.283178991910606,
    "obs_5965899f": 0.10653314870178271,
    "obs_fc7b0fa2": 0.0,
    "obs_f0cfd362": 0.0,
    "obs_aadbaf4b": 0.0,
    "obs_8f235051": 0.1890897805417558,
    "obs_48f0cf87": -2.7755575615628914e-17,
    "obs_6ae30a01": 0.0,
    "obs_acbb5e89": 0.0,
    "obs_122e25cb": 0.0,
    "obs_861999ea": 0.3219246686199113,
    "obs_e3c1cb90": 0.12141315183450453,
    "obs_85fd7475": -6.938893903907228e-18,
    "obs_fa86b782": 0.0,
    "obs_83213933": 0.12141315183450457,
    "obs_9b5649ba": 0.09397836808362406,
    "obs_e1e620f9": 0.0,
    "obs_01a8d6b1": 0.0,
    "obs_2dbd5e4f": -6.938893903907228e-18,
    "obs_9e11f909": 0.0,
    "obs_d6560ae4": 0.0,
    "obs_3569da0e": -0.26704826881200505,
    "obs_f8523681": -0.28317899191060614,
    "obs_3fa45715": 5.551115123125783e-17,
    "obs_38c04d95": 0.0,
    "obs_c3b64bad": 0.0,
    "obs_ca43ba08": -0.5013679656656196,
    "obs_c649c6ae": 0.0,
    "obs_cfa27e6a": -0.41341090521590296,
    "obs_b27b18a5": 0.0,
    "obs_2ff27a2c": 0.20670545260795137,
    "obs_6ad615d5": 0.0,
    "obs_ad1ce3e4": 0.2919265817264287,
    "obs_4fc5f4b4": 0.0,
    "obs_a9c48c65": 0.0,
    "obs_e6d93958": -0.20051151678540685,
    "obs_1cda8c29": 0.1214131518345046,
    "obs_290ab8d8": 0.0,
    "obs_97291a49": 0.26704826881200505,
    "obs_4c64d4e8": -1.3877787807814457e-17,
    "obs_711502f1": 0.0,
    "obs_60e49a08": -1.734723475976807e-18,
    "obs_a6fbd9cf": -0.12141315183450453,
    "obs_f061fa85": -0.18920062382698194,
    "obs_57f72f50": -0.20670545260795153,
    "obs_26181e7a": 0.0,
    "obs_549de868": 3.469446951953614e-18,
    "obs_22e7a10a": 0.0,
    "obs_29fdfb74": 0.0,
    "obs_010025e9": 0.0,
    "obs_877b5e77": 0.0,
    "obs_5c8f1ea9": 0.0,
    "obs_14ef58a4": 0.0,
    "obs_1ad94d3d": 0.0,
    "obs_df9933a9": -0.18920062382698194,
    "obs_5f5e33ef": 0.0,
    "obs_dfcf25e8": 0.0,
    "obs_5518c709": 0.0,
    "obs_8f532531": 0.4818150533495517,
    "obs_99660eed": 0.0,
    "obs_016090a8": 0.0,
    "obs_326bf7f0": 6.938893903907228e-18,
    "obs_5cc67af7": -1.3877787807814457e-17,
    "obs_ce418c42": 0.0,
    "obs_b69978df": 6.938893903907228e-18,
    "obs_891e128c": -0.26704826881200494,
    "obs_c7e7a1b9": -0.26704826881200505,
    "obs_e1efa415": 0.0,
    "obs_2d080a8e": -0.2831789919106061,