{
  "run_id": "publication_benchmark_42b8cac6",
  "n_protocols": 3,
  "n_shots_grid": [
    5000,
    10000,
    20000
  ],
  "n_replicates": 10,
  "n_observables": 239,
  "has_ground_truth": true,
  "n_long_form_rows": 21510,
  "protocols": [
    "direct_grouped",
    "direct_optimized",
    "classical_shadows_v0"
  ],
  "protocol_summaries": {
    "direct_grouped": {
      "mean_se": 0.06341186152774529,
      "max_se": 0.06468462273531508,
      "median_se": 0.06450244067906645,
      "mean_abs_error": 0.04842261386889167,
      "max_abs_error": 0.2
    },
    "direct_optimized": {
      "mean_se": 0.05671002545004167,
      "max_se": 0.08084520834544433,
      "median_se": 0.05501710658163563,
      "mean_abs_error": 0.044896550996531025,
      "max_abs_error": 0.21814217597354196
    },
    "classical_shadows_v0": {
      "mean_se": 0.0552866457249582,
      "max_se": 0.12624019560940167,
      "median_se": 0.037556716103475635,
      "mean_abs_error": 0.0452421338303424,
      "max_abs_error": 0.3563789986720828
    }
  }
}